building_class,city,floor_area,site_energy,site_eui,site_year
Commercial,"Abilene, TX",1000,1000,1000,1000
Commercial,"Abilene, TX",1000,1000,1000,1000
Commercial,"Abilene, TX",1000,1000,1000,1000
Commercial,"Abilene, TX",1000,1000,1000,1000
Commercial,"Abilene, TX",1000,1000,1000,1000
Commercial,"Abilene, TX",1000,1000,1000,1000
Commercial,"Abilene, TX",1000,1000,1000,1000
Commercial,"Abilene, TX",1000,1000,1000,1000
Commercial,"Abilene, TX",1000,1000,1000,1000
Commercial,"Abilene, TX",1000,1000,1000,1000
Commercial,"Abilene, TX",1000,1000,1000,1000
Commercial,"Abilene, TX",1000,1000,1000,1000
Commercial,"Abilene, TX",1000,1000,1000,1000
Residential,"Abilene, TX",1000,1000,1000,1000
Residential,"Abilene, TX",1000,1000,1000,1000
Residential,"Abilene, TX",1000,1000,1000,1000
Residential,"Abilene, TX",1000,1000,1000,1000
Residential,"Abilene, TX",1000,1000,1000,1000
